<?xml version="1.0" encoding="UTF-8" ?>
<!DOCTYPE mapper PUBLIC "-//mybatis.org//DTD Mapper 3.0//EN" "http://mybatis.org/dtd/mybatis-3-mapper.dtd" >
<mapper namespace="com.ruoyi.cms.blog.mapper.CmsBlogTypeMapper">
    <resultMap type="CmsBlogType" id="blogTypeResult">
        <result property="typeId"       column="type_id"       />
        <result property="blogId"    column="blog_id"    />
    </resultMap>

    <insert id="batchBlogType">
        insert into cms_blog_type(type_id, blog_id) values
        <foreach item="item" index="index" collection="list" separator=",">
            (#{item.typeId},#{item.blogId})
        </foreach>
    </insert>

    <delete id="deleteBlogTypeByBlogId" parameterType="Long">
        delete from cms_blog_type where blog_id=#{blogId}
    </delete>

    <delete id="deleteBlogType" parameterType="Long">
        delete from cms_blog_type where blog_id in
        <foreach collection="array" item="blogId" open="(" separator="," close=")">
            #{blogId}
        </foreach>
    </delete>
    <delete id="deleteBlogTypeByTypeId" parameterType="Long">
        delete from cms_blog_type where type_id=#{typeId}
    </delete>

    <select id="selectBlogTypeList" parameterType="Long" resultMap="blogTypeResult">
        select type_id, blog_id from cms_blog_type where blog_id = #{blogId}
    </select>
    <select id="countBlogByTypeId" parameterType="Long" resultType="java.lang.Integer">
        select count(*) from cms_blog_type where type_id=#{typeId}
    </select>
</mapper>