<?xml version="1.0" encoding="UTF-8" ?>
<!DOCTYPE mapper PUBLIC "-//mybatis.org//DTD Mapper 3.0//EN" "http://mybatis.org/dtd/mybatis-3-mapper.dtd" >
<mapper namespace="com.zaaac.cms.blog.mapper.CmsBlogTagMapper">
    <resultMap type="cmsBlogTag" id="blogTagResult">
        <result property="tagId"       column="tag_id"       />
        <result property="blogId"    column="blog_id"    />
    </resultMap>

    <insert id="batchBlogTag">
        insert into cms_blog_tag(tag_id, blog_id) values
        <foreach item="item" index="index" collection="list" separator=",">
            (#{item.tagId},#{item.blogId})
        </foreach>
    </insert>

    <delete id="deleteBlogTagByBlogId" parameterType="Long">
        delete from cms_blog_tag where blog_id=#{blogId}
    </delete>

    <delete id="deleteBlogTag" parameterType="Long">
        delete from cms_blog_tag where blog_id in
        <foreach collection="array" item="blogId" open="(" separator="," close=")">
            #{blogId}
        </foreach>
    </delete>
    <delete id="deleteBlogTagByTagId" parameterType="Long">
        delete from cms_blog_tag where tag_id=#{tagId}
    </delete>

    <select id="selectBlogTagList" parameterType="Long" resultMap="blogTagResult">
        select tag_id, blog_id from cms_blog_tag where blog_id = #{blogId}
    </select>
    <select id="countBlogByTagId" parameterType="Long" resultType="java.lang.Integer">
        select count(*) from cms_blog_tag where tag_id=#{tagId}
    </select>
</mapper>