<?xml version="1.0" encoding="UTF-8" ?>
<!DOCTYPE mapper
PUBLIC "-//mybatis.org//DTD Mapper 3.0//EN"
"http://mybatis.org/dtd/mybatis-3-mapper.dtd">
<mapper namespace="com.zaaac.cms.blog.mapper.CmsBlogMapper">
    
    <resultMap type="CmsBlog" id="CmsBlogResult">
        <result property="id"    column="id"    />
        <result property="createBy"    column="create_by"    />
        <result property="createTime"    column="create_time"    />
        <result property="updateBy"    column="update_by"    />
        <result property="updateTime"    column="update_time"    />
        <result property="title"    column="title"    />
        <result property="type"    column="type"    />
        <result property="content"    column="content"    />
        <result property="contentType"    column="content_type"    />
        <result property="contentMarkdown"    column="content_markdown"    />
        <result property="top"    column="Top"    />
        <result property="views"    column="views"    />
        <result property="status"    column="status"    />
        <result property="blogPicType"    column="blog_pic_type"    />
        <result property="blogPic"    column="blog_pic"    />
        <result property="blogPicLink"    column="blog_pic_link"    />
        <result property="blogDesc"    column="blog_desc"    />
        <result property="blogFiles"    column="blog_files"    />
    </resultMap>

    <sql id="selectCmsBlogVo">
        select id, create_by, create_time, update_by, update_time, title, type, content, content_type, content_markdown, Top, views, status, blog_pic_type, blog_pic, blog_pic_link, blog_desc, blog_files from cms_blog
    </sql>

    <select id="selectCmsBlogList" parameterType="CmsBlog" resultMap="CmsBlogResult">
        <include refid="selectCmsBlogVo"/>
        <where>  
            <if test="title != null  and title != ''"> and title like concat('%', #{title}, '%')</if>
            <if test="type != null  and type != ''"> and type = #{type}</if>
            <if test="content != null  and content != ''"> and content = #{content}</if>
            <if test="top != null  and top != ''"> and Top = #{top}</if>
            <if test="views != null "> and views = #{views}</if>
            <if test="status != null  and status != ''"> and status = #{status}</if>
            <if test="createBy != null  and createBy != ''"> and create_by = #{createBy}</if>
        </where>
        ORDER BY Top DESC, create_time DESC
    </select>
    
    <select id="selectCmsBlogById" parameterType="Long" resultMap="CmsBlogResult">
        <include refid="selectCmsBlogVo"/>
        where id = #{id}
    </select>
    <select id="selectCmsBlogListByTypeId" parameterType="Long" resultMap="CmsBlogResult">
        <include refid="selectCmsBlogVo"/>
        <where>
            <if test="id != null  and id != ''"> and id in (SELECT blog_id FROM cms_blog_type WHERE type_id  = #{id})</if>
        </where>
    </select>
    <select id="selectCmsBlogListByTagId" parameterType="Long" resultMap="CmsBlogResult">
        <include refid="selectCmsBlogVo"/>
        <where>
            <if test="id != null  and id != ''"> and id in (SELECT blog_id FROM cms_blog_tag WHERE tag_id  = #{id})</if>
        </where>
    </select>
    <select id="selectCmsBlogListRecommend" parameterType="CmsBlog" resultMap="CmsBlogResult">
        <include refid="selectCmsBlogVo"/>
        <where>
            <if test="title != null  and title != ''"> and title like concat('%', #{title}, '%')</if>
            <if test="type != null  and type != ''"> and type = #{type}</if>
            <if test="content != null  and content != ''"> and content = #{content}</if>
            <if test="top != null  and top != ''"> and Top = #{top}</if>
            <if test="views != null "> and views = #{views}</if>
            <if test="status != null  and status != ''"> and status = #{status}</if>
            <if test="createBy != null  and createBy != ''"> and create_by = #{createBy}</if>
        </where>
        ORDER BY views DESC, create_time DESC
    </select>
    <select id="selectCmsBlogListBetweenCreateTime" resultType="com.zaaac.cms.blog.domain.CmsBlog">
        <include refid="selectCmsBlogVo"/>
        <where>
            <if test="title != null  and title != ''"> and title like concat('%', #{title}, '%')</if>
            <if test="type != null  and type != ''"> and type = #{type}</if>
            <if test="top != null  and top != ''"> and Top = #{top}</if>
            <if test="status != null  and status != ''"> and status = #{status}</if>
            <if test="createTimeBegin != null  and createTimeBegin != ''"> and create_time >= #{createTimeBegin}</if>
            <if test="createTimeEnd != null  and createTimeEnd != ''"> and create_time &lt;= #{createTimeEnd}</if>
            <if test="createBy != null  and createBy != ''"> and create_by = #{createBy}</if>
        </where>
        ORDER BY Top DESC, create_time DESC
    </select>

    <insert id="insertCmsBlog" parameterType="CmsBlog" useGeneratedKeys="true" keyProperty="id">
        insert into cms_blog
        <trim prefix="(" suffix=")" suffixOverrides=",">
            <if test="createBy != null">create_by,</if>
            <if test="createTime != null">create_time,</if>
            <if test="updateBy != null">update_by,</if>
            <if test="updateTime != null">update_time,</if>
            <if test="title != null and title != ''">title,</if>
            <if test="type != null and type != ''">type,</if>
            <if test="content != null">content,</if>
            <if test="contentType != null and contentType != ''">content_type,</if>
            <if test="contentMarkdown != null">content_markdown,</if>
            <if test="top != null">Top,</if>
            <if test="views != null">views,</if>
            <if test="status != null">status,</if>
            <if test="blogPicType != null">blog_pic_type,</if>
            <if test="blogPic != null and blogPic != ''">blog_pic,</if>
            <if test="blogPicLink != null and blogPicLink != ''">blog_pic_link,</if>
            <if test="blogDesc != null and blogDesc != ''">blog_desc,</if>
            <if test="blogFiles != null and blogFiles != ''">blog_files,</if>
         </trim>
        <trim prefix="values (" suffix=")" suffixOverrides=",">
            <if test="createBy != null">#{createBy},</if>
            <if test="createTime != null">#{createTime},</if>
            <if test="updateBy != null">#{updateBy},</if>
            <if test="updateTime != null">#{updateTime},</if>
            <if test="title != null and title != ''">#{title},</if>
            <if test="type != null and type != ''">#{type},</if>
            <if test="content != null">#{content},</if>
            <if test="contentType != null and contentType != ''">#{contentType},</if>
            <if test="contentMarkdown != null">#{contentMarkdown},</if>
            <if test="top != null">#{top},</if>
            <if test="views != null">#{views},</if>
            <if test="status != null">#{status},</if>
            <if test="blogPicType != null">#{blogPicType},</if>
            <if test="blogPic != null and blogPic != ''">#{blogPic},</if>
            <if test="blogPicLink != null and blogPicLink != ''">#{blogPicLink},</if>
            <if test="blogDesc != null and blogDesc != ''">#{blogDesc},</if>
            <if test="blogFiles != null and blogFiles != ''">#{blogFiles},</if>
         </trim>
    </insert>

    <update id="updateCmsBlog" parameterType="CmsBlog">
        update cms_blog
        <trim prefix="SET" suffixOverrides=",">
            <if test="createBy != null">create_by = #{createBy},</if>
            <if test="createTime != null">create_time = #{createTime},</if>
            <if test="updateBy != null">update_by = #{updateBy},</if>
            <if test="updateTime != null">update_time = #{updateTime},</if>
            <if test="title != null and title != ''">title = #{title},</if>
            <if test="type != null and type != ''">type = #{type},</if>
            <if test="content != null">content = #{content},</if>
            <if test="contentType != null and contentType != ''">content_type = #{contentType},</if>
            <if test="contentMarkdown != null">content_markdown = #{contentMarkdown},</if>
            <if test="top != null">Top = #{top},</if>
            <if test="views != null">views = #{views},</if>
            <if test="status != null">status = #{status},</if>
            <if test="blogPicType != null">blog_pic_type = #{blogPicType},</if>
            <if test="blogPic != null">blog_pic = #{blogPic},</if>
            <if test="blogPicLink != null">blog_pic_link = #{blogPicLink},</if>
            <if test="blogDesc != null">blog_desc = #{blogDesc},</if>
            <if test="blogFiles != null">blog_files = #{blogFiles},</if>
        </trim>
        where id = #{id}
    </update>

    <delete id="deleteCmsBlogById" parameterType="Long">
        delete from cms_blog where id = #{id}
    </delete>

    <delete id="deleteCmsBlogByIds" parameterType="String">
        delete from cms_blog where id in 
        <foreach item="id" collection="array" open="(" separator="," close=")">
            #{id}
        </foreach>
    </delete>
</mapper>