<?xml version="1.0" encoding="UTF-8" ?>
<!DOCTYPE mapper PUBLIC "-//mybatis.org//DTD Mapper 3.0//EN" "http://mybatis.org/dtd/mybatis-3-mapper.dtd" >
<mapper namespace="com.zaaac.cms.message.mapper.CmsMessageLikeMapper">
    <resultMap type="CmsMessageLike" id="messageLikeResult">
        <result property="createBy"    column="create_by"    />
        <result property="createTime"    column="create_time"    />
        <result property="updateBy"    column="update_by"    />
        <result property="updateTime"    column="update_time"    />
        <result property="messageId"       column="message_id"       />
        <result property="userId"    column="user_id"    />
    </resultMap>

    <sql id="selectCmsMessageLikeVo">
        select create_by, create_time, update_by, update_time, message_id, user_id from cms_message_like
    </sql>

    <select id="selectCmsMessageLikeList" parameterType="CmsMessageLike" resultMap="messageLikeResult">
        <include refid="selectCmsMessageLikeVo"/>
        <where>
            <if test="messageId != null"> and message_id = #{messageId}</if>
            <if test="userId != null"> and user_id = #{userId}</if>
        </where>
    </select>

    <insert id="addCmsMessageLike" parameterType="CmsMessageLike">
        insert into cms_message_like
        <trim prefix="(" suffix=")" suffixOverrides=",">
            <if test="createBy != null">create_by,</if>
            <if test="createTime != null">create_time,</if>
            <if test="updateBy != null">update_by,</if>
            <if test="updateTime != null">update_time,</if>
            <if test="messageId != null">message_id,</if>
            <if test="userId != null">user_id,</if>
        </trim>
        <trim prefix="values (" suffix=")" suffixOverrides=",">
            <if test="createBy != null">#{createBy},</if>
            <if test="createTime != null">#{createTime},</if>
            <if test="updateBy != null">#{updateBy},</if>
            <if test="updateTime != null">#{updateTime},</if>
            <if test="messageId != null">#{messageId},</if>
            <if test="userId != null">#{userId},</if>
        </trim>
    </insert>

    <delete id="deleteCmsMessageLike" parameterType="CmsMessageLike">
        delete from cms_message_like
        <where>
            <if test="messageId != null"> and message_id = #{messageId}</if>
            <if test="userId != null"> and user_id = #{userId}</if>
        </where>
    </delete>
</mapper>